			1 30 	1 60	1 90	1 120	2	2	2	2	3	3	3	3	4	4	4	4	5	5	5	5	6	6	6	6	7	7	7	7	8	8	8	8	9	9	9	9	10	10	10	10	11	11	11	11	12	12	12	12	13	13	13	13	14	14	14	14	15	15	15	15	16	16	16	16	17	17	17	17	18	18	18	18	19	19	19	19	20	20	20	20	21	21	21	21	22	22	22	22	Ttest_30vs120	log2_avg	log2_avg	log2_avg	log2_avg
1	HMDB00011	(R)-3-Hydroxybutanoate [b-hydroxybutyrate]	1.35	0.56	0.2	0.19	1.16	0.46	0.38	0.38	0.73	0.85	0.58	0.42	0.82	0.78	0.87	0.75	0.94	0.39	0.18	0.19	0.55	0.51	0.48	0.42	0.91	0.61	0.66	0.89	0.66	NaN	NaN	0.48	1.46	0.73	NaN	0.87	0.86	0.72	0.68	0.75	0.9	0.24	0.17	0.15	0.96	0.26	0.16	0.16	0.76	0.31	0.18	0.16	1	0.37	0.24	0.25	0.8	0.88	0.66	0.58	1.09	0.51	0.38	0.5	0.69	0.62	0.56	0.6	0.76	0.71	0.67	0.75	0.63	0.19	0.14	0.14	0.78	0.3	0.24	0.2	0.77	0.5	0.48	0.49	0.7	0.66	0.57	0.62	0.000	-0.19	-0.91	-1.24	-1.15
2	HMDB00190	(S)-Lactate [Lactate]	0.9	0.88	1.1	1.16	1.02	1.79	1.87	1.35	1.16	1.72	1.43	1.3	1.13	1.17	1.21	1.28	0.93	1.22	1.31	1.23	1.48	2.17	3.22	2.23	0.77	1.43	1.45	1.45	1.07	1.43	1.81	1.7	1.22	1.39	1.29	1.4	1.04	1.57	1.54	1.35	0.78	1.11	1.43	1.32	0.84	1.71	1.74	1.38	0.81	1.11	1.44	1.79	0.92	1.48	2.11	2.18	1.05	1.57	1.59	1.42	0.55	1.01	1.1	0.91	0.98	1.31	1.31	1.18	0.58	1.23	1.17	0.77	0.84	1.6	2.09	1.9	0.44	0.62	0.73	0.61	1.59	1.98	1.5	1.47	1.55	1.64	1.93	1.49	0.000	-0.02	0.5	0.64	0.49
3	HMDB00156	(S)-Malate [Malate]	0.77	0.67	0.96	0.92	0.72	0.88	0.86	0.81	0.87	1.24	1.16	1.04	1.09	1.19	1.32	1.17	1.08	1.03	1.36	1.45	1.23	1.53	1.55	1.17	0.81	1.31	1.33	1.26	1.15	1.21	1.22	1.05	0.96	1.5	1.33	1.33	1.05	1.41	1.34	1.14	0.94	1.1	1.25	1.04	0.78	0.86	1.22	1.05	0.76	0.81	1.15	0.79	1.22	1.42	1.82	1.81	1.33	1.42	1.54	1.31	1	1.32	2.03	1.43	1.07	0.92	0.82	0.73	1.06	1.37	1.21	1.37	0.89	1.1	1.1	1.05	0.95	0.98	0.87	1.07	0.89	1.13	0.88	0.92	1.23	1.35	1.39	1.14	0.045	-0.01	0.23	0.33	0.19
4	HMDB00208	2-Oxoglutarate/Adipate	0.95	0.8	0.79	0.96	1.14	1.26	1.15	1.33	0.94	1.07	0.66	0.62	1.05	1.5	1.09	0.99	1.16	1.15	1.59	1.42	1.03	1.39	1.02	1.21	0.95	0.85	0.92	0.81	1.13	1.17	1.05	0.83	0.89	0.92	0.98	1.02	0.9	0.82	0.95	0.93	0.63	1.13	1.08	0.93	0.82	0.68	0.75	0.65	0.98	1.03	0.77	0.75	1.13	1	0.83	0.85	0.79	0.41	0.55	0.72	0.88	0.98	1.03	0.84	1.08	1.25	1.09	0.85	1.24	1.54	1.78	1.52	0.7	1.05	0.77	0.96	1.13	0.91	0.97	0.66	1.18	1.13	1	1.19	1.2	1.5	1.22	1.11	0.568	-0.01	0.1	0	-0.06
5	HMDB01476	3-Hydroxyanthranilate	1.35	0.99	1.12	0.84	0.96	1.43	0.92	0.98	0.95	0.96	1	1.09	0.76	0.85	1.33	0.64	0.82	1.01	1.27	0.84	0.86	1.23	1.32	1.22	1.34	1.35	1.12	1.07	0.71	0.64	0.56	0.36	1.07	0.71	0.7	1.08	1.08	0.69	0.75	1.07	0.76	0.51	1.84	0.68	1.91	1.13	1.63	0.71	1.17	0.75	1.73	1.31	1.18	1.62	1.35	0.45	1.03	0.85	1.2	0.3	1.05	0.84	0.54	0.7	0.81	0.55	0.57	0.58	1.24	0.91	1.23	1	1.27	0.56	0.71	0.77	1.08	0.88	1.01	0.49	0.91	0.5	0.76	0.74	0.99	0.59	0.95	0.6	0.005	0.08	-0.17	0.1	-0.33
6	HMDB00807	3-Phospho-D-glycerate	1.39	1.33	0.67	1.38	1.27	0.92	3.19	2.83	0.84	0.57	0.65	0.63	0.9	1	0.77	0.87	0.34	0.45	0.45	0.51	1.24	0.68	0.48	0.58	0.94	0.97	1.3	1.25	1.04	0.69	NaN	1.1	1.58	0.71	1.18	1.24	0.84	1.16	1.01	1.61	1.17	1.08	0.96	1.39	1.11	0.77	1.35	0.91	2.01	1.25	1.31	2.53	4.23	6.25	4.54	3.43	1.31	1.6	2.25	1.67	0.96	1.34	1.36	1.5	0.98	1.09	0.89	0.82	2.53	2.77	2.21	2.09	1.76	1.31	1.42	1.57	1.02	1.08	1.19	1.34	1.19	0.81	1.17	1.35	1.7	1.94	1.35	1.26	0.767	0.46	0.44	0.5	0.53
7	HMDB00725	4-Hydroxy-L-proline	0.93	1.25	1.13	0.9	1.24	0.89	1.14	1	1.18	0.97	0.91	1.04	1.21	1.26	0.77	1.05	1.32	1.23	0.9	1.11	1.05	0.74	0.77	0.78	1.12	1.05	1.16	1.33	1.3	0.97	0.93	0.65	1.19	1.29	1.08	0.89	1.32	0.95	1.05	1.04	0.8	0.66	0.62	0.76	1.22	1.14	0.67	1.16	1.01	0.82	0.92	0.6	1.33	1.26	1.29	1.03	0.89	1.04	0.79	0.75	0.73	1.01	0.89	0.91	1.19	0.94	1.22	0.97	1.17	1.22	0.78	0.96	1.16	0.86	0.9	0.94	1.27	1.47	0.95	1.24	1.14	1.36	0.94	0.85	0.74	0.75	0.81	0.74	0.002	0.16	0.07	-0.09	-0.09
8	HMDB00017	4-Pyridoxate	0.82	1.04	0.8	0.91	1.09	1.03	0.81	0.79	1.04	1.1	1.13	0.81	1.09	0.86	0.79	1.04	0.85	0.98	1.19	0.97	1.28	1.09	1.16	0.79	0.94	0.76	0.84	0.92	0.98	0.73	0.86	0.78	1.6	1.2	1.05	1.07	1.17	0.97	1.06	1.2	0.82	0.47	0.52	0.7	1.31	0.67	1.05	1.75	1.13	0.78	1.08	1.02	0.76	0.52	0.75	0.64	0.66	0.56	0.72	0.46	0.96	0.97	1.29	0.92	0.66	0.79	0.63	0.48	0.46	0.44	0.71	0.68	1.23	0.69	0.97	0.85	1.31	0.94	0.74	1.12	1.43	1.31	1.14	1.62	1.35	1.38	1.16	1.25	0.243	0.06	-0.19	-0.1	-0.08
9	HMDB00895	Acetylcholine	0.61	0.89	0.91	0.91	1.3	1.18	1.27	1.64	1.2	1.08	1.08	1.17	1.49	1.31	1.2	1.44	1.37	1.14	1.12	1.12	1.07	1.26	1.03	1.12	1	0.94	0.93	0.87	1.01	1.07	0.56	0.68	1.01	1.16	1.23	0.75	1.32	1.13	0.95	0.98	0.91	0.96	0.91	1.12	1.28	1.28	1.09	1.03	1.16	1.39	1.5	1.04	1.06	1.04	0.92	1.14	1	1.07	0.87	0.74	0.97	1.21	1.04	0.98	0.93	0.71	0.9	0.81	1.49	1.47	1.09	1.37	1.07	0.92	0.74	0.9	1.35	1.43	0.86	1.24	0.75	1.02	0.97	1.01	1.02	0.89	1.15	0.89	0.188	0.15	0.16	0.02	0.06
10	HMDB01341	ADP	1.06	1.33	0.43	1.13	1.96	0.49	3.71	6.43	1.37	1.54	0.8	1.21	0.77	1.5	0.61	0.91	0.13	0.19	0.09	0.18	1.62	0.73	0.56	0.4	0.47	0.5	0.99	0.96	1.4	0.99	0.45	1.16	4.6	2.02	3.4	3.8	0.46	2.01	1.56	1.36	0.9	0.88	0.86	0.88	0.96	0.55	1.33	0.77	2.03	1.78	2.26	2.83	7.34	8.13	5.94	5.14	1.04	1	1.21	1.39	1	0.93	1.05	1.22	0.93	0.98	0.94	0.87	1.52	1.98	1.73	1.77	1.26	0.65	1.12	1.26	0.97	0.86	0.98	0.91	0.56	0.67	0.91	0.99	2.42	2.53	1.61	1.45	0.874	0.66	0.55	0.56	0.75
11	HMDB00462	Allantoin	1.15	0.83	0.72	0.88	0.67	1.08	0.8	0.87	0.84	0.91	0.87	0.73	0.95	0.66	1.23	0.76	0.61	0.48	0.95	0.67	0.91	1.43	1.6	1.25	0.9	1.06	0.96	0.57	0.93	1.32	1.16	0.47	0.7	0.62	0.69	0.94	0.6	0.94	0.98	0.83	1.36	1.53	1.36	0.72	0.96	0.86	1.34	0.76	0.99	1.15	0.88	1.36	0.72	0.78	0.58	0.74	1.16	1.21	1.38	1.07	1.3	0.84	1.04	1.28	0.68	0.89	0.57	0.72	0.77	1.16	1.53	1.31	0.65	1.15	0.79	0.86	0.59	0.82	0.83	0.69	0.65	0.67	0.78	0.8	1.11	1.11	0.97	1.1	0.773	-0.2	-0.03	0	-0.18
12	HMDB00045	AMP	1.44	1.67	0.67	1.22	1.14	0.42	3.64	4.67	0.73	1.56	1.08	0.92	0.49	1	0.59	0.46	0.09	0.14	0.07	0.11	2.85	0.68	0.68	0.7	1.12	1.26	1.36	1.16	0.87	0.95	0.47	1.24	5.28	2.06	2.74	4.68	1	2.74	3.21	2.2	0.95	0.61	0.67	0.68	1.26	1.28	1.94	1.49	2.25	2.08	1.54	3.49	8.43	9.73	8.11	6.99	1.33	1.58	1.9	1.55	1.2	1.24	1.31	1.25	0.88	0.97	0.92	1.01	0.97	1.07	1.06	0.94	1.33	0.66	1.24	1.44	0.83	1	0.92	1.22	0.59	0.96	1.05	1.45	2.14	1.92	1.16	1.03	0.837	0.76	0.69	0.72	0.86
13	HMDB01123	Anthranilate	0.89	1.16	0.45	0.75	1.62	1	0.78	1.04	1.12	0.49	0.69	0.53	0.79	1.07	0.99	1.54	1.38	NaN	0.83	0.99	1.09	0.87	1.34	0.76	0.69	1.08	1.03	0.56	0.32	0.37	0.65	0.45	1.42	1.53	1.97	2.16	0.68	0.72	0.77	0.87	0.41	0.86	0.74	0.59	0.91	0.91	0.59	0.73	0.39	0.6	0.58	0.75	2.17	0.93	2.01	2.14	1.27	0.99	0.57	0.34	1.23	2.14	3.99	2.86	1.91	1.44	1.37	1.22	11.72	8.72	10.2	8.42	0.31	1.14	0.73	0.54	0.83	0.83	0.92	0.67	0.62	1.38	0.75	0.52	0.55	1.1	1.15	0.95	0.803	0.55	0.48	0.59	0.42
14	HMDB00538	ATP	1.61	1.14	0.62	0.9	1.41	0.46	3.47	4.86	0.77	1.04	0.58	0.72	0.55	1.24	0.72	0.77	0.16	0.22	0.16	0.17	2.29	0.78	0.53	0.76	0.97	0.89	1.18	1.11	1.06	1.11	0.87	1.65	3.02	1.44	2.34	2.34	0.79	2.06	2.28	1.94	0.78	0.92	0.82	0.86	1.27	0.93	1.24	0.78	2.71	1.83	1.88	3.28	11.62	11.91	6.97	9.71	0.99	1.16	0.99	1.82	1	0.7	1.09	1.25	0.99	1.01	1.01	0.89	1.76	2.24	2.28	2.34	1.51	1.03	1.32	1.58	0.98	0.96	0.95	1.09	0.45	0.38	0.9	0.71	1.9	1.84	1.16	1.62	0.870	0.81	0.68	0.6	0.9
15	HMDB00043	Betaine	1.17	1.12	1.18	1.17	0.97	1	0.99	1.05	1.03	0.97	1.02	1.03	0.98	1.04	1.11	0.98	0.99	0.96	1.1	0.91	1.2	1.29	1.31	1.31	1.09	1.09	0.98	1.06	1.07	1.13	1.06	1.06	1.08	1.09	1.11	1.18	1.09	1.05	1.08	1.11	1.02	1	1.04	0.93	1.04	1.02	1.14	1.07	1.05	1.03	1.04	1.21	0.97	1.03	0.98	1.12	1.11	1.14	1.17	1.09	1	0.95	0.92	0.9	0.89	1.09	0.92	1.03	1.07	1.24	1.25	1.18	0.95	1.08	1.07	1.03	0.86	0.98	0.99	1.03	0.89	0.96	0.96	0.95	1.03	0.97	0.99	1	0.120	0.04	0.08	0.09	0.09
16	HMDB00054	Bilirubin	0.88	0.88	0.47	0.91	1.05	2.61	2.08	2.41	1.3	0.65	1.24	1.1	1.44	1.08	0.97	1.06	0.9	0.57	0.73	0.75	1.26	1.47	1.59	1.09	1.02	1.19	2.52	2.12	1.08	1.02	1.12	1.76	0.87	0.97	0.76	0.9	1.04	1.22	1.15	1.68	1.25	2.44	1.54	1.48	0.62	0.74	0.74	0.96	1.04	0.84	0.57	0.23	0.72	1.16	1.1	1.52	0.93	0.69	0.52	0.64	0.97	1.31	1.26	1.4	0.86	1.24	1.07	1.02	1.4	1.89	1.56	0.94	0.71	1.13	1.23	0.91	0.6	0.49	0.66	0.58	0.55	0.62	1	1.05	0.83	1.3	1.26	1.26	0.114	-0.05	0.22	0.19	0.23
17	HMDB00097	Choline	0.93	1.04	0.89	0.92	1	0.84	1.06	1.12	1.06	1.01	1.07	1	0.83	0.95	0.97	0.89	1.22	1.13	1.03	1.14	1.13	1.11	1.22	1.23	0.93	0.91	1.06	0.9	0.98	1.05	1.12	1.18	1.13	1.14	1.12	1.17	1	1.02	1.03	1.03	0.97	0.94	0.98	0.83	1.05	1.19	1.3	1.12	0.83	0.95	1	0.99	0.99	1.08	1.06	1.09	1.13	1.18	1.3	1.36	1.08	1.27	1.2	1.42	1.27	1.25	1.23	1.19	1.26	1.14	1.35	1.5	0.71	0.92	1.01	1.05	1.16	1.39	1.55	1.17	0.85	0.91	0.92	0.87	1.3	1.16	1.28	1.21	0.207	0.05	0.1	0.17	0.15
18	HMDB00072	cis-Aconitate	0.94	1.02	0.84	0.8	1.02	1.01	1.11	1.21	1.17	1.15	1.07	0.92	1.02	1.18	0.92	0.97	0.81	0.92	0.86	0.7	1.05	1.04	0.99	1	0.99	1.06	0.99	1.02	1.08	1.08	0.84	0.67	0.93	0.93	0.85	0.86	0.85	1.03	0.92	0.81	0.91	0.84	0.95	0.86	0.91	0.78	0.79	0.74	0.89	0.82	0.65	0.63	1.34	1.21	1.5	1.11	1.24	0.96	0.8	0.94	0.96	0.99	1	0.87	0.95	0.95	0.88	0.65	1.01	1.21	1.12	1.2	0.88	0.8	0.85	0.93	1.15	0.93	1.02	0.96	1.11	1.1	0.97	0.98	1.05	1.26	1.05	0.97	0.015	0.02	0.02	-0.07	-0.15
19	HMDB00094	Citrate/Isocitrate	0.94	0.96	0.79	0.71	0.93	0.78	0.62	0.68	0.96	1	1.04	0.81	1.13	1.27	1	1.06	1	0.93	0.9	0.82	1.27	1.16	1.11	0.93	0.95	1.17	1.22	0.98	1.08	0.98	0.8	0.97	1.07	1.1	1.01	0.98	1.04	1.21	1.21	0.96	1.05	1.05	0.99	0.87	0.89	0.78	0.85	0.68	0.81	0.81	0.73	0.64	1.08	0.93	0.99	0.81	1.15	1.05	1.21	0.94	0.98	1.1	1.01	0.79	1.04	0.93	0.93	0.69	1.07	1.15	1.15	1.2	0.9	0.89	0.84	0.71	1.56	1.38	1.12	1.17	1.01	0.98	0.8	0.86	1.04	1.09	1.06	0.97	0.001	0.06	0.04	-0.04	-0.19
20	HMDB00064	Creatine	0.83	0.99	1	0.89	1.38	1.03	1.43	1.18	1.44	1.26	1.19	1.42	0.99	1.07	0.82	0.91	1.27	1.57	1.43	1.5	1.12	1.07	1.07	1	1.08	1.29	1.28	1.33	0.9	0.55	0.63	0.5	1.63	1.25	1.24	1.17	1.47	0.85	0.99	0.91	0.79	0.7	0.69	0.81	1.6	1.55	1.2	1.86	0.99	0.83	0.93	1.03	1.4	1.41	1.58	1.36	0.65	0.85	0.78	0.71	0.75	1.08	0.77	0.81	0.96	1.09	1.15	1.04	1.1	1.47	1.2	1.05	1.22	1.03	1.34	1.13	1.11	1.47	1.1	1.4	1.39	1.72	1.25	1.01	0.78	1	0.96	0.79	0.504	0.18	0.19	0.13	0.12
21	HMDB00562	Creatinine	0.93	0.93	0.92	1.06	0.79	0.8	0.8	0.77	0.94	0.93	0.96	0.8	0.95	0.96	0.87	1.04	1.03	0.93	0.95	0.97	1.09	0.85	0.8	0.72	0.97	0.91	0.92	1.01	1.24	1.15	1.04	1.02	0.76	0.96	0.99	0.73	1.09	1.2	1.19	1.1	0.81	0.91	0.93	0.85	0.84	0.89	0.83	0.82	1.04	1.08	1.04	0.95	1.15	1.08	1.09	1.01	1.17	0.95	0.85	1.04	1	0.99	1.15	1.03	0.93	0.87	0.89	0.84	1.09	0.99	1.11	1.27	0.83	0.92	0.79	0.87	0.97	0.98	0.8	0.79	0.79	0.9	0.84	1.01	1.07	0.96	1.1	1.05	0.405	-0.03	-0.06	-0.08	-0.09
22	HMDB00124	D-Fructose 6-phosphate/D-Glucose 1-phosphate/alpha-D-Glucose 6-phosphate/D-Fructose 1-phosphate	1.64	1.8	1.33	1.32	1.12	0.72	1.55	2.06	0.85	0.85	0.75	0.76	1.15	1.1	0.87	0.89	0.56	0.53	0.52	0.49	1.07	0.61	0.63	0.54	1.03	0.92	1.09	0.83	1.29	1.29	0.73	0.79	1.72	1.3	1.24	0.95	1.13	1.22	1.01	1.25	1.05	0.75	0.84	0.84	1.15	1.08	1.19	0.99	1.25	1.2	1.14	1.77	3	2.78	2.2	2.05	1.02	1.14	1.28	1.19	0.74	0.87	0.98	0.86	1.1	1.1	0.77	0.87	1.43	1.26	1.21	0.96	1.26	0.94	1.06	1.18	1.06	1.13	0.97	0.83	0.88	0.76	0.84	0.84	1.35	1.29	0.98	0.97	0.304	0.29	0.16	0.08	0.08
23	HMDB00127	D-Glucuronate	0.97	1.04	1	0.97	1.01	0.99	0.97	0.99	1.09	1.14	1.06	1.09	1	0.95	0.93	0.82	1.07	1.23	1.17	1.23	0.97	0.94	0.94	0.91	1.06	1.06	1.03	0.95	0.89	0.91	0.79	0.71	0.96	0.94	0.98	0.94	1.13	0.97	0.89	0.95	1.3	1.09	1.11	1.1	1.01	0.86	0.87	0.84	0.75	0.86	0.76	0.66	0.96	0.95	0.95	1.04	1.24	1.14	1.1	1.06	0.88	1.07	0.95	0.82	0.88	0.82	0.9	0.74	0.91	1.21	1.18	1.15	0.8	0.8	0.85	0.56	1.4	1.16	0.98	1.13	0.85	0.74	0.96	0.95	1.01	1	1.09	0.91	0.139	0.01	-0.01	-0.04	-0.1
24	HMDB01548	D-Ribose 5-phosphate/D-Ribulose 5-phosphate	0.82	0.8	0.62	0.89	1.12	0.83	1.23	1.08	0.97	1.22	1.24	0.99	0.74	0.85	0.52	0.72	0.86	0.56	0.86	0.45	1.23	1.19	0.93	0.97	0.51	0.88	0.74	1.14	0.59	NaN	0.64	NaN	1.25	1.16	0.91	1.25	1.16	0.7	0.93	1	0.9	1.01	0.86	0.91	1.74	0.92	1.07	1.43	1.51	1.33	1.33	1.55	2.63	2.83	2.53	2.53	1.47	1.67	1.54	1.71	2.38	5.19	3.04	3.65	0.9	0.79	0.96	0.49	0.47	1.6	1.63	1.07	1.64	0.97	1.5	0.83	1.43	1.31	0.91	2.6	0.43	0.46	0.69	0.42	1.35	0.65	1.11	1.48	0.675	0.25	0.36	0.23	0.37
25	HMDB01409	dUMP	0.84	1.08	1.52	0.76	0.91	0.55	0.7	1.36	0.63	NaN	0.79	1.17	0.91	0.5	0.64	0.77	0.67	NaN	0.38	0.63	0.8	0.8	0.6	0.64	0.44	0.84	1.16	1.32	1.67	0.53	0.93	1.27	NaN	1.35	NaN	0.55	0.82	0.91	0.64	0.68	1.45	2.04	1.38	1.32	1.11	0.7	0.66	1.37	0.5	0.41	0.33	0.63	1.19	NaN	1.89	0.59	3.27	3	5	2.7	0.6	0.64	0.73	0.66	0.29	0.34	0.34	0.31	1.5	0.61	0.35	1.39	1.67	0.93	2.21	2.28	0.34	0.5	0.35	0.28	1.58	0.83	1.27	0.93	0.79	0.29	0.51	0.63	0.822	0.06	-0.17	0.09	0.02
26	HMDB00134	Fumarate/Maleate	0.69	0.73	0.85	0.83	0.77	0.82	0.7	0.86	1.02	1.23	1.49	1.07	1.04	1.32	1.22	1.29	0.89	0.83	1.1	1.14	1.19	1.57	1.5	1.16	1.04	1.15	1.02	0.99	1.06	1.12	1.13	1.13	0.8	1.18	1.08	1.02	1.11	1.13	1.49	1.19	0.87	1.12	1.31	1.18	0.97	1.08	1.25	1.17	0.92	0.92	0.87	0.77	1.34	2.02	1.83	1.62	1.1	0.96	1.24	1.05	0.92	1.33	1.82	1.49	1.06	1.1	0.94	0.99	0.93	1.16	1.11	1.28	0.92	1.17	1.32	1.08	0.95	1.02	0.99	1.04	0.62	0.94	0.67	0.73	1.02	1.21	1.42	1.18	0.032	-0.05	0.19	0.26	0.14
27	HMDB01201	GDP	1.15	1.1	0.34	0.62	1.17	0.5	3.57	3.79	0.53	1.03	0.84	1.05	0.79	1.05	0.74	0.95	0.16	0.26	0.23	0.24	1.65	0.5	0.58	NaN	0.77	0.82	1.32	1.05	1.62	1.31	NaN	NaN	3.69	NaN	3.25	3.69	0.83	2	2.17	1.56	0.68	0.72	0.77	0.79	0.97	0.67	1.67	1.04	1.99	3.15	2.73	2.94	10.39	12.32	9.39	8.51	1.4	1.26	1.31	1.26	1.21	1.13	1.03	1.23	0.92	1.14	1	0.76	1.11	1.55	1.61	1.25	0.87	0.42	0.95	0.9	0.81	0.71	0.81	0.9	0.75	0.87	1.87	1.37	4.97	5.8	3.19	2.59	0.941	0.8	0.87	0.91	0.87
28	HMDB01285	Geranyl diphosphate	1.14	0.92	1.02	0.65	1.13	0.8	0.55	1.08	0.62	1	1.07	1.18	1.25	1.18	1.03	0.79	1.09	1.15	1.15	1.79	1.34	0.76	1.28	1.24	0.84	0.98	0.8	1.05	0.48	0.49	0.52	0.41	0.61	1.16	0.5	0.82	1.37	0.74	0.59	0.74	0.79	0.75	0.68	0.78	0.58	1.01	0.81	0.61	0.76	0.86	0.82	0.68	1.2	1.07	1.2	0.9	1.03	0.86	1.36	0.96	0.38	0.44	0.53	0.52	0.83	1.21	0.64	0.89	1.02	1.17	1.32	0.83	0.89	0.9	1.21	1.03	0.97	0.67	0.73	0.79	0.71	0.79	0.49	0.7	1.4	0.86	0.92	1.01	0.709	-0.11	-0.15	-0.2	-0.18
29	HMDB00122	Glucose	1.16	1.72	1.4	1.2	1.48	1.3	1.2	1.03	1.23	0.98	0.92	0.97	1.21	1.03	1.19	0.97	1.45	1.7	1.41	1.23	1.32	1.09	1.07	1	1.26	0.98	0.88	1.07	1.38	1.34	0.83	0.77	1.45	1.19	1.18	0.83	1.41	1.27	1.02	0.99	1.32	1.13	1.24	1.28	1.53	1.53	1.31	1.23	1.53	1.4	1.24	1.29	1.32	1.43	1.38	1.07	1.2	1.27	1.21	1.18	1.16	1.3	0.98	1.09	1.15	1.33	1.25	1.06	1.38	1.5	1.28	1.1	1.45	1.31	1.47	0.93	1.23	1.21	1.15	0.94	1.42	1.05	0.93	0.88	1.16	1.07	1.07	0.92	0.000	0.41	0.36	0.22	0.07
30	HMDB00131	Glycerol	0.9	0.33	0.44	0.43	1.04	0.36	0.26	0.21	0.58	0.35	0.33	NaN	0.6	NaN	NaN	NaN	0.49	0.31	0.18	0.21	0.53	0.42	0.34	0.24	1.42	2.43	0.46	1.59	0.58	0.46	0.34	0.28	0.49	0.8	0.63	0.71	0.81	0.46	0.51	0.4	1	0.27	0.3	0.21	0.47	0.34	0.22	0.4	0.4	0.45	0.39	0.52	0.5	0.28	0.23	0.23	1.56	0.99	0.65	0.44	0.99	0.54	0.64	0.47	0.77	0.56	0.45	0.7	0.76	0.51	0.44	0.48	0.3	0.34	0.22	0.14	1.64	0.77	0.54	0.49	0.71	0.76	0.67	0.69	1.28	1.07	0.78	0.74	0.006	-0.3	-0.72	-1.22	-1.06
31	HMDB01473	Glycerone phosphate	0.93	0.98	0.56	0.95	0.9	0.7	1.2	1.23	0.54	0.8	0.8	0.73	0.73	1.04	0.81	0.73	0.69	0.66	0.57	0.81	0.96	0.71	0.65	0.64	0.77	0.82	0.91	1.06	1.16	1.12	1.02	0.72	2.33	0.92	1.63	2.43	0.96	0.97	0.81	0.87	0.8	0.73	0.67	0.77	0.9	0.86	0.93	1.01	1.25	0.97	0.92	1.27	2.59	2.65	2.19	2.12	0.92	1.03	1.02	1.21	0.73	0.97	0.9	0.95	0.57	0.74	0.62	0.52	0.99	1.45	1.51	1.24	1.27	0.56	1.19	1.09	1.1	0.93	1.21	1	1.07	1.3	1.26	1.21	1.07	1.37	1.43	1.12	0.929	0.08	0.02	0.05	0.1
32	HMDB00637	Glycochenodeoxycholate [GCDCA]	0.87	1.58	0.86	1.34	3.21	2.79	2.34	3.56	5.25	3.16	4.26	2.71	2.77	3.74	3.39	1.78	2.64	2.52	1.24	1.05	4.34	1.18	1.21	1.14	2.5	1.87	2.23	4.69	5.14	4.08	4.5	5.79	2.22	2.73	2.49	2.17	2.42	2.24	2.51	3.45	2.66	2.37	1.67	1.13	1.92	1.51	1.55	2.85	6.2	2.24	2.17	1.55	3.19	8.59	4.52	8.87	3.27	4.68	10.64	5.95	1.56	1.79	2.26	3.43	2.11	1.76	2.85	4.46	6.63	3.1	6.87	5.14	4.27	4.13	7.12	6.65	2.01	8.34	5.86	2.55	1.48	1.14	0.91	0.98	0.86	0.69	0.35	0.27	0.897	1.62	1.59	1.71	1.7
33	HMDB00138	Glycocholate [GCA]	0.52	1.48	0.94	1.06	2.27	1.73	1.82	3.08	8	2.95	5.08	2.68	2.29	2.73	2.58	1.6	2.74	2.84	1.72	1.76	4.97	2.06	1.11	1.16	1.42	0.85	1.04	1.75	4.02	3.27	2	3.26	6.05	4.37	3.82	2.39	2.86	2.47	2.05	2.86	1.75	1.59	1.13	0.43	2.35	0.71	0.62	1.38	15.45	7.1	3.97	2.74	5.34	8.65	2.91	7.31	2.63	5.88	11.75	5.88	1.58	1.81	1.29	1.62	4.07	1.78	3.59	5.43	10.94	3.38	6.01	4.91	2.31	1.59	2.85	3.98	1.59	5.07	5.07	3.36	3.92	1.07	0.78	1.43	1.14	0.67	0.48	0.24	0.107	2	1.54	1.51	1.45
34	HMDB01273	GTP	2.33	1.67	1.27	1.33	1.89	2.33	5.56	4	1.06	0.82	0.91	0.94	NaN	NaN	NaN	NaN	0.41	0.49	0.41	0.43	1.26	NaN	NaN	1	1	1	1.5	0.67	NaN	NaN	NaN	NaN	NaN	NaN	NaN	NaN	NaN	1.47	1.32	1.16	0.52	0.81	0.93	0.77	NaN	0.22	0.54	NaN	1.28	1.72	1.28	1.72	12	14.65	16.43	6.74	0.92	0.94	0.95	1.17	1.15	1.24	0.99	1.31	0.83	0.86	0.81	0.62	1.14	2.69	3.53	2.47	0.83	0.53	0.85	1.22	1	0.66	0.87	0.78	0.45	0.87	0.93	0.8	0.75	0.6	0.6	0.24	0.866	0.76	0.9	1.14	0.61
35	HMDB00714	Hippurate [Hippuric acid]	13.49	10.4	9.04	6.91	8.02	5.64	5.56	3.49	12.15	9.96	7.78	4.1	45.01	38.57	28.35	21.62	NaN	NaN	NaN	NaN	17.21	11.78	10.63	7.79	11.4	8.66	7	5.69	8.94	7.35	4.94	4.68	13.7	12.08	9.95	8.96	21.23	19.01	17.27	13.08	11.64	12.22	8.86	6.39	19.59	18.47	13.45	9.38	9.12	8.69	7.26	4.51	7.51	5.5	3.31	3.54	10.44	6.53	5.68	4.74	9.74	7.04	7.03	6.68	9.98	7.38	5.72	6.95	16.69	11.16	8.82	9.51	56.58	56.58	26.97	21.58	9.91	9.96	6.61	4.84	11.43	10.47	9.46	6.59	10.17	6.43	5.05	4.12	0.013	3.99	3.76	3.31	2.98
36	HMDB00130	Homogentisate	0.93	0.85	1.13	0.85	0.81	0.9	1.01	0.75	1.19	0.91	0.84	1.15	0.77	0.73	0.75	0.78	0.93	1.04	0.96	0.92	0.91	1.01	0.78	0.79	1.04	1	0.89	1.05	0.98	1.07	0.99	0.97	0.96	0.97	1.13	0.84	0.84	0.9	0.85	0.85	0.75	0.83	0.91	0.63	0.77	0.87	0.8	0.79	0.91	1.12	0.8	0.77	1.03	1.15	0.77	1.12	1.13	1.25	1.38	1.18	1.06	0.88	0.82	0.98	1.02	1.04	0.84	0.97	1.25	1.29	1.13	1.14	0.73	0.9	0.88	0.87	0.66	0.73	0.69	0.73	0.89	0.86	1.15	0.93	1	0.93	0.95	1.32	0.842	-0.1	-0.05	-0.1	-0.11
37	HMDB00157	Hypoxanthine	1.2	1.08	0.7	0.68	1.06	1.2	1.34	0.91	0.7	0.57	0.62	0.64	0.69	1.35	0.72	0.61	1.1	0.73	0.6	0.62	0.88	0.54	0.72	1.15	0.65	0.83	0.6	0.71	0.96	0.76	0.48	0.6	0.7	0.92	0.27	0.37	0.97	0.74	0.84	0.53	0.46	0.31	0.3	0.4	0.66	0.6	0.5	0.55	1.36	1.12	0.91	0.89	1.01	0.64	0.82	0.93	0.62	0.54	0.39	0.48	0.67	1.14	0.76	0.53	0.87	0.75	0.6	0.46	1.03	0.68	0.56	0.92	0.71	0.71	0.83	0.31	0.6	0.32	0.29	0.19	0.77	0.5	0.5	0.52	1.16	0.91	0.74	0.77	0.004	-0.22	-0.38	-0.64	-0.68
38	HMDB00175	IMP	1.89	1.55	0.69	0.67	0.87	0.46	3.76	2.31	0.73	1.91	1.18	0.78	0.84	1.28	0.77	1.52	0.15	0.18	0.06	0.2	2.37	0.59	0.3	0.37	0.4	0.28	0.82	0.88	1.21	1.12	0.46	1.66	7.87	3.07	2.66	7.46	1.07	2.91	2.92	2.29	NaN	0.44	0.77	0.59	0.86	0.79	0.98	0.77	0.69	0.5	NaN	0.83	5.4	7.3	4.9	4.29	1.2	1.39	NaN	1.49	0.77	1.05	1.07	1.11	0.76	0.95	0.95	0.86	0.08	1.08	1.57	1.11	1.39	1.16	1.64	2.09	1.07	1.13	1.19	1.48	0.78	0.6	0.44	0.94	3.09	2.83	1.92	1.38	0.978	0.67	0.57	0.54	0.67
39	HMDB00195	Inosine	1.68	0.8	1.52	2	1.58	1.63	2.42	2.25	NaN	NaN	NaN	NaN	NaN	1	NaN	1.11	NaN	1	NaN	NaN	NaN	NaN	NaN	NaN	NaN	NaN	NaN	NaN	NaN	NaN	NaN	NaN	0.68	0.83	0.43	0.43	1.24	3.33	4.95	3.05	0.74	0.59	0.59	0.62	0.88	1.03	1.18	0.64	1.15	1.05	1.2	1.35	4.82	5.56	6.51	4.12	0.76	0.81	0.81	0.98	1.45	1.25	1.57	1.31	0.93	1.32	1.27	1.23	1	2.74	2.17	1.81	1.42	0.9	1.15	1.34	0.62	0.65	0.64	1.09	1.43	2.57	2.43	2.57	1.58	1.13	1.32	0.84	0.537	0.46	0.65	0.91	0.65
40	HMDB00510	L-2-Aminoadipate	0.93	0.53	0.7	0.9	0.88	0.91	1.02	0.97	1.43	0.9	1.25	0.89	0.64	0.92	1.06	0.53	2.17	1.63	1.58	2.61	0.8	0.67	0.75	0.86	0.87	0.76	0.8	0.89	1.14	1.1	0.16	1.27	0.69	0.5	0.74	0.6	1.02	1.12	0.97	0.71	0.95	0.76	0.73	0.6	0.67	0.9	0.78	0.5	0.63	0.69	0.63	0.89	0.63	1.15	1.12	0.76	0.81	0.81	0.68	0.62	1.06	0.98	0.8	0.56	0.8	0.65	0.69	0.65	0.91	0.71	0.81	0.92	1.26	0.64	0.65	0.81	0.98	0.96	0.71	0.7	1.1	0.76	0.79	0.65	1.08	1.14	1.05	1.08	0.345	-0.04	-0.2	-0.25	-0.21
41	HMDB00186	Lactose	1.35	1.36	0.69	1.09	1.73	0.91	2.15	2.5	1.29	1.08	1.1	0.97	0.93	1.19	0.95	1	0.4	0.43	0.32	0.31	1.63	0.92	0.79	0.95	0.94	0.8	0.86	0.84	1.23	1.06	0.78	0.95	2.13	1.29	1.52	1.81	1.29	1.87	1.94	1.71	0.68	0.55	0.57	0.68	0.75	1.01	1.39	0.97	1.85	1.48	1.5	1.89	2.09	2.44	2.31	2.23	1.05	0.91	0.73	0.96	1.02	1.02	0.86	0.96	0.74	0.9	0.86	0.97	0.89	1.55	1.67	1.61	0.67	0.75	0.69	0.7	0.96	0.95	0.99	1.13	1.18	0.96	1.3	1.3	1.37	1.17	1.3	1	0.873	0.25	0.16	0.2	0.27
42	HMDB00161	L-Alanine [Alanine]	0.9	0.79	0.9	0.83	1.03	1.17	1.03	1.11	1.19	0.97	0.98	0.96	1.04	1.26	0.86	1.1	1.23	1.13	1.24	1.29	1.18	1.2	0.97	1.18	1.1	1.31	1.25	1.25	1.02	0.91	1.19	0.85	1.17	1.23	1.15	1.43	1.39	1.16	1.37	1.66	1.02	0.96	1.04	1.15	0.98	1.24	1.25	1.4	0.72	0.75	1.05	0.89	0.8	1.25	1.13	1.16	1.02	1.16	1	0.85	0.82	0.71	0.73	0.65	1.01	1.14	1.28	0.92	1.04	1.41	1.06	0.95	1.27	1	1.31	1.08	1.1	1.24	1.3	1.73	1.46	1.73	1.59	1.09	0.74	0.97	0.81	0.77	0.558	0.08	0.17	0.15	0.14
43	HMDB00517	L-Arginine [Arginine]	0.99	0.9	0.84	0.82	0.9	0.79	0.74	0.72	1.01	0.9	0.9	0.82	1.13	0.98	0.9	0.92	1.06	0.81	0.83	0.86	1.09	0.85	0.75	0.64	1.1	0.97	0.96	1.01	1.06	0.99	0.86	0.66	0.95	0.98	0.86	0.78	1.07	0.97	0.85	0.87	1.13	1.1	1.03	0.73	0.91	0.84	0.84	0.67	1.1	1.02	0.97	0.87	0.96	0.87	0.8	0.68	1.23	1.05	0.97	0.98	1.19	0.99	0.94	0.95	0.87	0.79	0.7	0.71	0.97	0.99	0.94	0.88	0.87	1.05	0.66	0.67	0.91	0.88	0.79	0.69	0.71	0.78	0.66	0.83	1.01	0.77	0.74	0.74	0.000	0.01	-0.12	-0.25	-0.33
44	HMDB00168	L-Asparagine	0.75	1	1.1	0.86	1.26	0.89	0.91	1.12	1.59	0.93	0.94	0.76	1.21	1.07	0.93	1.18	1.18	1.05	0.5	1.06	1.36	0.98	0.87	0.98	1.01	0.98	0.97	0.98	1.56	1.39	1.13	0.93	1.31	1.27	1.03	1.02	1.01	1.1	0.93	0.83	0.93	0.79	0.52	0.63	1.03	0.81	0.78	1.05	0.87	0.93	0.81	0.61	1.32	0.86	1.33	1.01	1.03	0.79	0.71	0.78	0.62	0.75	0.94	0.84	0.94	0.77	0.76	0.87	1.31	0.9	0.91	1	0.76	0.89	0.58	0.54	1.16	1.13	0.64	0.99	0.67	0.98	0.75	0.8	0.89	0.75	0.73	0.89	0.006	0.11	-0.07	-0.23	-0.16
45	HMDB00191	L-Aspartate	0.89	1.01	0.77	0.94	1.04	0.71	1.54	1.95	0.89	0.98	0.88	0.86	0.8	0.97	0.89	0.93	0.66	0.75	0.65	0.78	0.96	0.83	0.81	0.77	0.97	0.85	0.9	0.77	1.03	0.83	0.71	0.57	0.92	0.95	1.01	0.84	1.33	1.11	1.31	1.05	0.65	0.74	0.76	0.93	0.94	0.62	0.7	0.57	0.91	1.03	1.22	1.58	2.06	3.18	2.44	2.02	1.14	1.21	1.25	1.51	0.81	1.16	1.35	1.28	0.92	0.98	0.99	0.77	0.9	1.12	1.25	1.13	0.88	0.85	1.12	1.03	1.21	1.23	1.2	1.29	0.72	0.81	0.68	0.97	0.71	0.71	0.93	0.74	0.433	-0.04	0.04	0.09	0.08
46	HMDB00904	L-Citrulline [Citrulline]	0.92	0.69	0.79	0.72	0.93	0.79	0.78	0.81	0.9	0.8	0.71	0.72	0.98	0.93	0.74	0.85	0.99	0.9	0.93	0.73	0.82	0.68	0.67	0.66	1.03	0.99	0.77	0.95	0.91	0.85	0.59	0.61	0.8	0.85	0.64	0.78	0.74	0.68	0.7	0.67	0.85	0.72	0.58	0.49	0.7	0.65	0.55	0.61	0.8	0.68	0.55	0.49	0.89	0.72	0.59	0.59	1.01	0.78	0.8	0.71	0.98	0.69	0.64	0.74	1.08	0.72	0.54	0.6	0.9	0.65	0.56	0.64	0.8	0.87	0.54	0.55	0.69	0.67	0.52	0.44	0.57	0.55	0.56	0.6	0.67	0.5	0.52	0.65	0.000	-0.22	-0.43	-0.63	-0.59
47	HMDB00574	L-Cysteine	0.95	0.82	0.63	0.62	1.27	1.24	1	1.26	0.93	0.8	0.59	0.96	0.89	0.97	1.04	0.67	0.95	0.81	0.89	0.82	1	0.86	1.01	1.02	1.07	0.75	0.67	0.53	0.87	0.62	0.66	0.4	1.08	0.76	0.98	1.2	1.03	0.93	0.76	1.13	0.97	1.18	1.32	1.15	1.19	0.74	0.84	0.78	0.94	0.99	0.98	0.7	1.03	1.2	0.83	0.79	0.56	0.62	0.45	0.57	0.53	0.78	0.48	0.28	1.41	0.76	1.15	0.68	1.3	1.74	1.37	1.77	0.2	0.52	0.58	0.51	1.73	0.98	1.63	1.59	0.89	1.64	1.04	1.17	0.62	0.64	0.42	0.69	0.366	-0.04	-0.11	-0.19	-0.19
48	HMDB00172	Leucine/Isoleucine	1.05	0.93	0.82	0.72	0.95	0.8	0.71	0.69	0.98	0.89	0.85	0.77	1.02	0.96	0.85	0.83	1.04	0.93	0.93	0.84	1.05	0.8	0.67	0.63	0.88	0.8	0.77	0.72	1.06	0.93	0.79	0.44	0.86	0.8	0.66	0.59	0.95	0.86	0.76	0.67	0.97	0.88	0.76	0.67	0.97	0.82	0.71	0.6	0.92	0.9	0.83	0.67	0.94	0.91	0.7	0.58	1.05	0.93	0.82	0.78	1.02	0.95	0.86	0.79	0.92	0.83	0.72	0.62	1.02	0.97	0.88	0.78	0.97	0.86	0.62	0.5	0.91	0.8	0.65	0.58	0.88	0.83	0.71	0.66	0.9	0.72	0.62	0.61	0.000	-0.05	-0.2	-0.4	-0.58
49	HMDB00148	L-Glutamate	0.82	1.2	0.69	0.89	1.39	0.98	1.79	1.82	1.01	1.38	1.42	1.71	0.66	0.8	0.73	0.76	0.65	0.71	0.69	0.75	1.07	0.82	0.95	1.28	1.01	1.11	1.02	0.94	0.86	0.48	0.51	0.6	1.41	0.99	1.01	1.03	0.9	0.73	0.89	0.7	0.73	0.7	0.66	0.75	1.2	1.1	0.93	1.17	1.33	1.02	1.02	1.56	1.66	1.77	1.8	1.47	0.67	0.62	0.66	0.66	0.74	0.82	0.82	0.81	0.55	0.69	0.63	0.74	0.74	0.8	0.9	0.73	1.05	0.69	1.27	1.19	0.79	0.75	0.72	0.67	0.72	0.8	0.83	0.87	0.73	0.91	0.65	0.82	0.631	-0.09	-0.15	-0.1	-0.01
50	HMDB00641	L-Glutamine	0.74	1.02	1.04	0.9	0.95	0.77	0.97	0.96	1.21	1.06	1.13	1.07	0.99	1.02	0.68	1.03	1.22	1.02	0.9	1.11	1.16	0.79	0.73	0.69	0.99	0.94	1.02	1.05	1.25	0.98	0.84	0.7	1.11	1.16	1.11	0.81	1.03	0.9	0.82	0.71	0.75	0.68	0.63	0.77	0.97	0.93	0.68	0.81	1.06	1	0.93	0.72	1.39	0.95	1.26	0.81	1.11	0.81	0.76	1.02	1.14	1.34	1.26	1.14	1.01	0.64	0.82	0.85	1.11	0.82	0.77	1.09	0.79	0.85	0.53	0.66	1.24	1.17	0.72	0.79	0.63	0.84	0.59	0.77	1.07	0.78	1.12	1.1	0.002	0.06	-0.1	-0.19	-0.17
51	HMDB00177	L-Histidine [Histidine]	1.16	1.01	0.98	1.01	0.79	0.79	0.76	0.77	0.95	0.94	0.9	0.94	1	0.89	0.9	0.89	0.91	0.84	0.79	0.84	0.9	0.93	0.93	0.79	1.05	0.97	0.89	0.97	0.98	1.12	0.88	0.62	1.02	0.94	0.87	0.8	0.83	0.91	0.84	0.78	1.09	0.92	0.97	0.79	1.01	0.9	0.95	0.75	1.12	1.07	0.93	1.03	1.02	0.88	0.83	0.81	1.31	1.02	0.96	1.1	1.25	1.24	1.32	1.17	0.86	0.66	0.68	0.76	0.86	0.89	0.96	0.94	0.74	0.94	0.64	0.69	0.83	0.8	0.78	0.58	0.6	0.66	0.65	0.87	1.15	0.83	0.9	1.02	0.038	-0.04	-0.13	-0.19	-0.22
52	HMDB00742	L-Homocysteine	1.02	0.94	0.79	0.95	1.09	0.97	0.9	0.83	0.9	0.78	0.9	0.84	1	1.13	0.84	0.91	1.04	1.02	1.08	0.97	0.91	0.87	0.87	0.85	0.99	0.91	1	0.94	1.07	0.9	1.11	0.78	0.97	0.89	0.99	0.91	1.01	0.98	1.01	0.91	0.68	0.81	0.68	0.7	0.89	0.79	0.91	0.88	0.98	0.96	0.95	0.88	1.11	1.11	1.07	1.09	0.89	0.78	0.84	0.91	0.98	0.91	0.91	0.88	0.55	0.78	0.87	0.69	1.21	1.38	1.61	1.41	1.09	0.97	0.83	0.82	0.88	0.91	0.82	0.88	0.86	0.94	0.96	0.8	0.89	0.85	0.85	0.73	0.175	-0.07	-0.1	-0.08	-0.17
53	HMDB00684	L-Kynurenine	1.12	0.85	1.35	1.43	1.4	1.28	0.86	0.84	1.15	1.05	0.98	0.9	0.87	0.88	0.81	0.85	1.43	1.13	1.62	1	1.25	1.14	1.11	1	0.88	0.95	0.88	0.96	0.9	0.97	0.87	0.71	1.08	0.92	0.97	1.1	0.96	1.17	1.04	0.98	1.23	1.5	1.3	1.11	0.8	0.97	0.86	0.87	1.15	1.01	1.1	1.14	1.12	1.19	1.04	0.98	1.08	1.04	1.02	0.93	1.05	1.12	1.31	1.2	1.14	0.89	0.97	0.83	0.98	1.02	1.02	0.94	1.03	1.01	0.92	0.93	0.99	0.9	0.89	0.83	0.88	0.86	0.91	0.81	0.8	1.09	1.12	1.02	0.107	0.08	0.06	0.06	-0.04
54	HMDB00182	L-Lysine [Lysine]	0.97	0.87	0.86	0.83	0.91	0.86	0.78	0.87	1.08	0.93	0.99	0.89	1.13	1.01	0.99	0.95	1	0.83	0.83	0.91	1.16	0.95	0.89	0.81	0.56	1	0.93	0.89	1.11	0.99	0.97	0.59	0.92	1.03	0.91	0.96	0.91	0.84	0.84	0.92	1	0.95	0.86	0.75	0.88	0.79	0.74	0.76	0.89	0.84	0.89	0.82	0.96	0.89	0.83	0.78	1	1.06	0.9	0.92	0.95	0.89	0.82	0.77	0.95	0.8	0.77	0.74	1.13	1.09	0.96	0.98	0.94	0.85	0.75	0.71	0.97	0.92	0.79	0.8	0.82	0.83	0.79	0.77	0.87	0.76	0.75	0.71	0.001	-0.06	-0.14	-0.22	-0.28
55	HMDB00696	L-Methionine [Methionine]	0.93	0.86	0.82	0.69	0.84	0.68	0.61	0.6	0.87	0.7	0.67	0.62	0.92	0.86	0.77	0.77	1.07	0.81	0.82	0.81	1.04	0.79	0.72	0.57	0.85	0.74	0.83	0.76	1.19	1.06	1.01	0.7	0.82	0.84	0.75	0.67	0.91	0.87	0.87	0.72	0.87	0.86	0.7	0.6	0.92	0.73	0.65	0.52	0.82	0.81	0.79	0.58	0.86	0.9	0.7	0.59	1.13	0.92	0.85	0.85	1	1.03	0.97	0.83	0.96	0.79	0.76	0.62	1.07	1.08	0.91	0.76	0.84	0.85	0.63	0.53	1.01	0.98	0.74	0.67	0.82	0.82	0.71	0.59	0.86	0.7	0.7	0.61	0.000	-0.1	-0.24	-0.37	-0.59
56	HMDB00214	L-Ornithine [Ornithine]	1.2	1	0.88	0.93	0.97	0.8	0.8	0.73	1.11	0.99	0.98	0.96	0.87	0.85	0.78	0.76	0.94	0.89	0.83	0.77	1.07	0.81	0.75	0.7	0.92	0.89	0.89	0.86	1.12	0.96	0.81	0.61	0.88	0.88	0.72	0.67	0.75	0.66	0.65	0.59	0.95	0.79	0.74	0.7	0.88	0.71	0.62	0.6	0.85	0.73	0.73	0.65	0.9	0.78	0.76	0.75	0.81	0.85	0.7	0.74	0.95	0.85	0.87	0.76	0.87	0.73	0.76	0.67	0.99	0.93	0.84	0.89	0.85	0.75	0.74	0.56	1.13	0.86	0.8	0.71	0.84	0.77	0.69	0.7	0.83	0.66	0.69	0.65	0.000	-0.09	-0.28	-0.37	-0.46
57	HMDB00159	L-Phenylalanine [Phenylalanine]	1.02	0.91	0.87	0.81	0.92	0.87	0.84	0.86	1.05	0.91	0.89	0.82	1.2	1.15	1.05	1.01	1.09	0.9	0.89	0.88	1.07	0.9	0.88	0.8	0.86	0.83	0.88	0.85	1.09	0.96	0.9	0.63	0.91	0.88	0.82	0.8	0.92	0.85	0.86	0.8	0.93	0.85	0.76	0.76	0.92	0.81	0.72	0.69	0.9	0.88	0.86	0.73	1	0.86	0.81	0.72	1.12	0.97	0.92	0.91	0.94	0.88	0.87	0.85	0.92	0.79	0.77	0.72	1	1	0.95	0.87	0.86	0.91	0.76	0.7	0.97	0.89	0.84	0.83	0.81	0.84	0.81	0.7	0.95	0.84	0.78	0.78	0.000	-0.04	-0.16	-0.23	-0.33
58	HMDB00162	L-Proline	1.1	0.99	0.91	0.86	0.99	0.99	0.98	0.9	1.01	0.91	0.94	0.88	1.03	0.95	1.02	0.94	0.94	0.81	0.93	0.82	1.14	1.1	1.02	1	1.15	1.07	0.97	0.96	0.93	0.98	0.95	0.55	0.95	1.01	0.95	0.96	1.08	1.02	1	1.12	1.08	1.05	0.99	0.85	0.94	0.88	0.97	0.87	0.95	0.91	0.91	0.89	0.88	0.93	0.77	0.84	1.02	1.12	1.02	0.93	0.92	0.81	0.7	0.71	0.97	1.05	0.93	0.84	1.06	1.26	1.12	0.98	1.02	0.89	0.91	0.76	0.9	0.92	0.94	0.91	0.99	1.06	0.93	0.9	0.85	0.84	0.74	0.78	0.000	-0.01	-0.03	-0.1	-0.19
59	HMDB00187	L-Serine	0.83	0.93	0.74	0.65	1.2	1.05	0.95	0.83	0.9	0.75	0.88	0.79	1.05	0.87	0.93	0.88	1.07	0.82	0.88	0.96	1.03	0.83	0.71	0.87	1	1.02	1.02	0.98	0.89	0.79	0.87	0.58	0.9	0.96	0.79	0.86	1.18	1	1.09	1.11	0.86	0.87	0.54	0.77	0.97	0.89	0.93	1.02	0.67	0.67	0.74	0.68	0.91	0.95	0.84	0.88	0.98	1	0.8	0.7	0.79	0.8	0.74	0.6	0.98	0.86	0.92	0.82	0.84	0.9	0.68	0.65	1.1	1.01	0.81	0.76	1.07	0.87	0.86	1.07	1.04	1.15	0.88	0.86	0.55	0.57	0.53	0.57	0.005	-0.08	-0.17	-0.28	-0.3
60	HMDB00167	L-Threonine	0.87	1.02	0.84	0.78	1.42	1.05	1.16	1.07	1.17	0.83	0.83	0.83	1.26	1.15	0.85	1	1.11	1.1	0.81	0.9	1.17	0.7	0.62	0.63	0.94	0.87	0.94	0.9	1.22	0.92	0.87	0.6	1.1	1.14	0.93	0.86	1.31	0.94	1.08	1.04	0.81	0.72	0.59	0.66	1.02	0.88	0.65	0.8	0.82	0.81	0.86	0.53	1.01	0.98	1	0.67	0.97	0.85	0.81	0.73	0.77	0.76	0.79	0.72	0.95	0.85	0.99	0.78	1.46	1.31	0.9	0.97	1.01	0.82	0.69	0.71	1.17	1.34	0.83	1.01	1.04	1.18	0.96	0.76	0.64	0.63	0.63	0.58	0.000	0.08	-0.08	-0.24	-0.33
61	HMDB00929	L-Tryptophan	0.97	1	0.91	0.88	1.05	0.98	0.93	0.98	1.01	0.94	0.96	0.83	1.08	0.98	0.93	0.93	1.12	1.03	0.99	0.93	1.14	0.98	0.91	0.82	0.9	0.86	0.97	0.91	1.04	0.95	0.89	0.7	0.97	0.91	0.82	0.81	0.97	0.95	0.91	0.81	0.97	0.97	0.92	0.87	0.88	0.76	0.79	0.73	0.93	0.99	0.98	0.93	0.99	1.11	0.85	0.83	1.05	1	0.89	0.83	0.96	0.93	1	0.95	0.99	0.89	0.85	0.75	0.94	0.91	0.86	0.83	1.2	1.12	0.93	0.99	0.92	0.87	0.74	0.8	0.97	0.85	0.8	0.84	0.82	0.74	0.72	0.7	0.000	-0.01	-0.09	-0.17	-0.24
62	HMDB00158	L-Tyrosine [Tyrosine]	1.08	0.87	0.77	0.69	0.92	0.63	0.71	0.68	0.94	0.76	0.77	0.64	1.01	0.94	0.71	0.83	0.93	0.68	0.81	0.66	1.07	0.76	0.68	0.71	1.06	0.92	0.86	0.8	1	0.85	0.69	0.54	0.85	0.93	0.73	0.64	1.02	0.99	0.89	0.94	1.08	0.89	0.96	0.78	0.9	0.71	0.55	0.52	0.88	0.89	0.78	0.57	1.02	1.03	0.81	0.81	0.98	1.09	0.78	0.77	0.74	0.77	0.69	0.61	0.84	0.62	0.7	0.65	1.13	1.2	0.83	0.89	0.99	0.93	0.61	0.61	0.94	0.84	0.65	0.71	0.66	0.92	0.59	0.59	0.62	0.48	0.53	0.48	0.000	-0.09	-0.23	-0.45	-0.54
63	HMDB00202	Methylmalonate	0.92	0.9	0.99	0.96	0.84	0.93	0.9	1	0.94	0.97	1.04	0.86	0.93	0.99	0.85	0.88	0.7	0.66	0.74	0.74	1.11	1.36	1.1	0.87	0.88	0.88	0.95	0.94	1.1	1.24	1	0.94	0.99	1.21	1.05	1.06	0.98	1.36	1.27	1.25	1.11	1.09	1	1.05	0.77	0.82	0.82	0.9	0.86	0.97	0.76	0.87	1.24	1.62	1.36	1.14	1.16	1.31	1.43	1.11	1.06	1.33	1.66	1.45	1.02	1.01	0.92	0.85	0.74	0.89	0.95	0.89	1.07	1.26	0.86	0.79	0.9	1.15	0.93	1.03	0.77	0.97	1	1.15	1.2	1.18	1.14	1.09	0.671	-0.05	0.13	0.05	-0.01
64	HMDB00052	N-(L-Arginino)succinate	1.58	1.74	2.04	1.63	1.04	1.16	1.48	1.36	1.46	1.53	1.26	1.12	1.26	1.48	1.63	1.09	1.24	1.29	1.12	1.17	1.93	1.65	1.51	1.72	1.39	1.11	1.22	1.2	1.71	1.55	1.69	1.3	1.53	1.36	1.76	1.67	1.18	1.35	1.27	1.4	0.88	0.73	0.71	0.82	1.21	0.73	1.36	0.77	0.94	0.99	0.56	0.85	1.05	0.57	1.11	0.8	0.58	0.56	0.64	0.56	1	1.31	0.56	0.75	1.02	0.68	0.81	0.24	1.38	NaN	1.19	1.15	0.45	0.58	0.79	0.64	0.53	1.03	0.8	1.16	1.06	0.74	1.06	0.58	1.23	1.4	1.06	0.72	0.319	0.22	0.16	0.22	0.04
65	HMDB00092	N,N-Dimethylglycine	1.23	1.11	0.81	0.72	1.44	1.27	1.12	1.09	1.13	0.86	0.85	0.89	1.09	1.05	1.02	1.02	1.02	0.89	1.03	0.86	1.33	1.15	1.02	1.08	1.27	1.29	1.05	1.07	0.82	0.77	0.74	0.65	1.09	1.14	0.9	1.37	1.21	1.01	0.93	1.15	1.17	1.13	0.93	0.88	1.05	0.93	0.86	0.9	0.81	0.77	0.86	0.89	0.69	1.01	0.73	0.81	0.96	1.22	1.04	0.73	0.96	0.81	0.7	0.63	0.99	1.11	0.91	0.83	1.23	1.83	1.22	1.03	1.39	0.87	1.16	0.77	0.94	1.15	1.01	1.22	1.37	1.31	1.13	0.83	0.66	0.84	0.6	0.6	0.013	0.12	0.1	-0.09	-0.14
66	HMDB00902	NAD+	1.07	0.83	0.69	0.76	1.69	0.88	2.19	2.81	0.41	1.24	1.14	0.48	0.33	0.42	1.42	0.5	1.17	2	1.5	0.47	1.69	0.75	0.69	0.19	0.54	0.38	0.85	0.77	0.9	0.8	0.8	0.7	2.29	2.71	1.86	2.43	NaN	0.83	2.67	1.5	0.96	0.77	1.16	0.52	1.28	0.55	0.46	0.25	6.24	2.08	9.33	6.24	2.56	2.06	1.63	1.44	0.68	1.2	1.44	1.04	1.13	1.8	1.13	0.8	1.48	1.15	1.05	0.81	1	0.4	0.4	0.53	2.13	1.38	1.38	0.94	1.2	1.25	1.2	1.7	0.36	0.29	0.21	0.64	0.89	1.67	1.22	0.67	0.528	0.51	0.21	0.64	0.25
67	HMDB01539	NG,NG-Dimethyl-L-arginine (asymmetric)	1.6	1.68	1.43	1.7	0.84	1.13	1.29	1.16	0.88	1	0.8	0.93	0.95	1.46	1.22	1.46	1.23	1.54	1.15	0.88	1.04	0.98	1.09	1.56	0.47	0.93	1.2	1.98	0.73	0.75	0.67	1.13	1.31	0.94	0.83	0.94	0.76	0.49	0.65	0.69	1.13	1.05	1.42	1.28	0.74	0.72	1.2	0.88	0.43	0.89	0.9	1.16	0.66	0.84	0.95	0.84	1.21	1.31	1.42	1.21	1.4	1.25	0.84	1	0.94	0.7	0.78	0.53	1.97	1.69	1.32	1.35	1.12	0.84	0.78	0.95	0.98	0.58	0.98	0.77	1.32	1.37	0.81	1.09	1.2	0.92	0.97	0.89	0.368	0.06	0.07	0.05	0.15
68	HMDB01539	NG,NG-Dimethyl-L-arginine (asymmetric/symmetric)	0.98	1	1.04	0.98	0.83	0.75	0.82	0.7	1.24	1.23	1.26	1.07	0.94	1.14	0.99	0.98	0.92	0.97	1.22	1.06	1.32	1.36	1.32	1.2	1.07	1.19	1.09	0.98	1.03	0.94	0.9	0.63	1.03	0.99	0.92	0.9	1.26	1.11	1.05	0.96	1.19	1.09	1.07	0.78	0.97	0.89	0.88	0.73	0.96	0.88	0.8	1	0.87	0.74	0.65	0.69	0.98	0.84	0.76	0.72	1	0.87	0.92	0.73	0.93	0.91	0.87	0.69	1.15	1.19	0.95	1.13	0.91	0.77	0.84	0.8	0.79	0.94	0.93	0.7	0.86	0.92	0.9	0.91	1.09	0.7	0.94	0.82	0.004	0.02	-0.04	-0.06	-0.2
69	HMDB03334	NG,NG-Dimethyl-L-arginine (symmetric)	0.93	0.95	0.83	0.63	1.28	1.44	1.4	1.55	1.03	1.01	0.37	0.82	1.01	0.91	0.85	0.95	0.77	1.18	1	1.08	0.69	0.55	0.57	0.75	0.7	0.94	0.8	1.1	0.46	0.77	0.95	0.95	0.79	0.6	0.84	0.82	1.51	1.58	NaN	1.65	1.1	1.38	1.26	0.46	0.79	0.84	0.72	0.76	1.76	1.4	1.94	1.34	0.98	0.94	1.04	1.09	0.99	1.1	0.92	0.64	1.56	1.22	1.27	1.25	0.79	0.81	0.65	0.77	1.49	1.44	1.03	1.22	1.59	1.61	1.31	1.22	0.98	1.33	0.7	0.86	0.88	0.96	1.24	1.06	1.01	1.03	0.72	0.79	0.506	0.07	0.12	-0.04	-0.02
70		Ngamma-Monomethyl-L-arginine	1.29	1.09	1.27	1.16	1.35	0.99	1	0.91	1.02	0.41	0.8	1.59	0.73	0.59	0.9	0.74	0.54	0.55	0.64	0.56	0.87	1.13	1.08	1.65	0.82	1.08	0.48	0.87	1.57	1.23	1.24	1.36	0.88	0.82	0.78	0.61	1.3	1.05	1.38	1.33	1.39	0.94	0.89	0.43	0.31	1.02	0.69	NaN	1.4	1.15	1.28	1.02	1.08	0.56	1.17	1.06	1.4	1.34	1.1	0.77	0.52	0.54	0.8	0.95	2.18	1.53	1.24	1.65	0.88	1.42	0.83	0.58	0.47	0.51	0.56	0.56	0.57	0.74	0.71	0.71	0.88	NaN	0.53	0.53	1.2	1.56	1.97	1.97	0.904	0.04	-0.05	-0.04	0
71	HMDB01406	Nicotinamide	1.47	1.73	0.8	1.36	1.21	0.72	2.91	5.32	0.9	0.88	1.12	0.99	0.71	0.84	0.82	0.67	0.13	0.27	0.22	0.21	2.51	0.89	1.1	0.82	1.79	1.33	2.03	1.53	0.92	0.61	0.64	0.46	1	1.16	2.17	2.18	0.73	1.5	1.54	1.4	0.56	0.53	0.69	0.73	1.53	0.74	1.54	1.04	1.82	1.89	2.91	2.84	5.36	7.03	5.54	4.28	1.54	1.68	1.77	3.07	1.18	1.32	1.54	1.6	0.8	0.73	0.81	0.71	1.34	1.59	1.53	1.21	1.04	0.53	0.89	0.94	0.92	0.94	1.06	1.48	1.13	0.64	1.36	1.56	2.07	1.33	0.8	0.99	0.544	0.48	0.39	0.62	0.69
72	HMDB00226	Orotate	1.05	0.72	0.94	0.79	1.06	0.96	0.71	1.08	0.85	0.97	0.78	0.78	0.95	1.11	0.92	0.94	0.88	0.79	0.88	0.94	1.02	1.02	0.85	1.03	0.91	0.9	0.8	0.88	1.41	0.91	1.15	1.45	1.3	1.12	1.1	1.1	0.69	0.79	0.93	0.73	0.95	1.04	0.89	0.89	0.97	0.83	0.83	0.87	0.8	0.9	0.78	0.75	0.92	0.92	0.91	0.9	0.95	0.82	1.02	0.95	0.83	0.99	1.12	0.87	0.8	0.9	0.89	0.77	1.16	1.29	1.41	1.29	0.74	0.76	0.71	0.68	1.36	1.15	1.42	1.15	0.97	1.08	1.07	1.08	1.02	1.07	1.11	1.04	0.661	-0.03	-0.06	-0.05	-0.07
73	HMDB00218	Orotidine 5'-phosphate	1.14	1.07	0.98	1.09	0.75	0.87	0.8	0.86	0.93	0.95	0.89	0.81	1.06	1.17	1.07	1.09	1.74	1.26	1.23	1.25	0.73	1.21	1.01	0.97	0.96	0.88	1.01	1.04	0.88	0.86	0.8	0.84	0.9	1.07	0.87	0.95	0.83	0.95	0.92	0.98	NaN	0.87	1.05	0.81	0.96	0.94	0.97	0.85	1.24	1.26	0.17	1.17	0.89	0.84	0.75	0.78	0.74	0.49	0.17	0.51	1.01	0.87	0.86	0.89	1.19	1.29	1.13	1.01	0.48	1.87	2.37	1.88	0.71	1.22	0.94	1.05	1.11	1.02	1.13	0.65	3.97	4.6	4.12	4.81	1.2	1.53	1.22	1.18	0.858	0.16	0.3	0.15	0.21
74	HMDB02329	Oxalate	1.23	1.49	1.27	1.81	1.07	0.98	0.96	0.97	1.19	1.26	1.24	1.28	1.06	0.85	1.23	1.01	0.9	0.96	0.78	1.09	0.9	0.93	1.02	0.66	0.69	0.85	1.03	0.93	0.97	0.6	0.87	1.14	1.53	1.71	1.81	2.23	0.89	0.92	1.15	0.99	1.06	1.06	1.06	0.98	0.84	0.78	0.82	0.82	1.01	0.81	0.99	1.02	1.1	1	1.08	1.14	1.04	0.85	1.03	0.86	0.7	0.85	1.1	0.9	0.82	0.92	0.96	0.88	0.83	0.89	1.03	0.98	0.79	0.83	0.79	0.94	1	0.87	0.76	1.17	0.89	1.09	1.2	0.96	0.77	0.9	0.94	1.17	0.119	-0.05	-0.04	0.07	0.12
75	HMDB00223	Oxaloacetate	0.92	0.86	0.8	0.85	1.02	0.85	0.78	0.91	1.07	1.06	0.97	0.94	1.08	0.8	1	0.99	5.63	4.75	4.12	4.35	0.89	0.91	0.78	0.89	0.83	1.07	1.14	0.96	1.17	1.06	0.64	0.7	0.85	0.98	1.05	0.95	1.1	1.06	1.06	1.05	1.09	1.15	1.02	0.97	0.84	0.72	0.85	0.66	0.77	0.7	0.7	0.6	0.93	0.79	0.75	0.85	1.04	1.17	1.14	0.96	1.09	1.15	1.01	0.96	1.01	0.92	0.93	0.7	1.01	1.19	1.23	1.23	0.8	0.82	0.78	0.73	1.06	1.14	1.01	1	1.05	1.12	0.9	1	0.85	0.99	0.95	0.87	0.593	0.25	0.2	0.1	0.07
76	HMDB03337	Oxidized glutathione	1.4	1.7	1.1	0.7	3.33	1.9	7.33	9.33	1.15	0.54	0.65	0.19	7.21	2.58	5.15	9.79	0.6	0.3	0.16	0.37	3.78	2	1.11	0.56	0.92	0.88	0.76	1.16	0.67	1.17	0.32	1.08	0.48	1.6	0.8	2	1.62	1.23	1.46	2.23	0.75	0.5	0.58	0.42	NaN	NaN	1	1	1.75	0.83	0.95	1.25	2.37	2.62	2.75	1.37	1.22	1.07	1.09	0.78	1.11	0.89	1.41	1.19	1.23	0.77	1	0.32	1.65	1.55	1.05	0.95	2	1.81	1.56	1.31	1.58	0.87	1	1	0.58	0.45	1.55	1.81	NaN	NaN	NaN	NaN	0.932	0.82	0.34	0.64	0.89
77	HMDB00210	Pantothenate	0.82	0.68	0.6	0.65	0.72	0.63	0.63	0.72	1.02	1	0.71	0.53	1.32	0.9	0.76	0.85	NaN	NaN	NaN	NaN	1.06	1.15	1.04	1.45	1.29	1.37	1.12	1.28	1.04	1.09	0.89	1.03	1.18	0.57	0.48	0.65	0.91	0.98	0.85	0.93	0.54	0.7	0.66	0.49	0.83	0.65	0.73	0.37	0.82	0.74	0.67	0.57	0.83	0.74	0.58	0.58	1.16	1.29	1.27	1.14	1.04	0.85	0.83	0.96	0.95	1.12	1.12	1.11	1.33	1	1.07	1.36	0.92	1.24	0.5	1.05	0.82	0.88	1.05	0.62	0.73	0.86	0.97	1.04	0.98	0.87	0.63	1.09	0.261	-0.05	-0.12	-0.29	-0.18
78	HMDB00205	Phenylpyruvate	0.73	1.19	0.69	0.96	0.87	1.04	0.95	1.33	1.02	1.29	1.34	1.34	0.95	1.27	1.11	0.84	0.99	1.16	1.31	1.26	0.75	0.55	0.61	0.75	0.68	0.93	1.12	0.74	1.29	0.94	0.98	0.66	0.83	1.21	0.79	0.92	1.03	1.08	0.98	0.99	4.43	1.51	1.09	1.18	1.12	1.09	1.28	0.8	1.6	1.83	6.35	2.02	0.79	1.24	1.55	0.93	1.9	1.31	5.56	2.89	0.62	0.87	1.11	1.1	0.92	0.83	0.94	0.82	3.99	2.25	1.04	1.01	1.19	0.8	1.06	1.28	1.01	1.01	0.8	1.22	0.61	0.34	0.26	0.34	1.08	0.73	0.98	0.95	0.398	0.37	0.15	0.54	0.15
79		Pyridine-2,3-dicarboxylate	1.11	1.19	0.91	1.07	0.99	0.9	0.9	0.89	1.15	1	1.06	0.87	1.22	1.07	1.2	0.97	1.49	1.47	1.48	1.41	0.86	0.58	0.78	0.83	1.08	0.9	0.99	0.89	1.21	0.76	1	0.78	1.02	1.06	1.02	0.93	0.98	1.04	0.9	0.79	0.86	0.8	0.95	0.88	1.04	0.84	1.04	0.71	0.98	0.97	0.83	0.93	0.8	0.84	0.84	0.82	0.89	1	0.73	1.01	0.87	1.04	1.01	1	0.74	0.89	0.85	0.76	0.96	1.13	1.25	1.15	0.99	1.05	0.87	0.86	0.99	0.81	0.83	0.8	0.88	0.95	1.07	1.08	1.13	0.99	1.19	1.07	0.144	0.02	-0.05	-0.02	-0.1
80	HMDB00239	Pyridoxine	1.17	0.76	0.95	0.96	1.06	0.9	0.88	1.18	0.85	0.81	0.98	0.8	1.02	1.01	0.96	1.13	0.93	0.87	0.72	0.99	1	0.8	0.86	0.79	0.86	0.8	0.69	0.9	0.95	1.04	0.74	0.55	1.18	1	1.17	1.04	0.91	0.84	0.9	0.92	0.89	0.83	0.87	0.69	0.98	0.99	0.78	0.72	1.15	1.02	1.04	1.23	0.76	0.88	0.97	0.81	1.05	0.98	1.07	1.03	1.24	1.17	0.98	0.99	1.01	0.8	0.7	0.83	0.61	0.82	0.89	0.91	0.65	0.64	0.82	0.81	1.07	0.89	1.04	0.87	1.07	0.72	0.88	1.1	1.04	0.95	0.72	0.76	0.269	-0.04	-0.17	-0.17	-0.14
81	HMDB00243	Pyruvate	0.79	0.83	0.96	1.22	0.88	1.19	1.25	1.08	1.05	1.39	1.13	1.09	1.11	1.35	1.26	1.11	0.93	1.33	1.35	1.3	1.22	1.68	2.47	1.59	0.9	1.54	1.36	1.67	0.99	1.27	1.43	1.27	0.87	1.23	1.14	1.08	1.01	1.2	1.28	1.2	0.83	0.96	1.34	1.4	0.86	1.64	1.5	1.23	0.88	1.11	1.15	1.32	1.13	1.35	2.14	1.61	0.78	1.11	1.02	0.98	0.93	1.17	1.27	1.11	1.17	1.27	1.22	1.11	0.88	1.25	1.17	0.93	0.79	1.33	1.76	1.61	0.63	0.89	1.03	0.73	1.33	1.21	1.29	0.96	1.24	1.27	1.46	1.21	0.000	-0.05	0.32	0.45	0.29
82	HMDB00259	Serotonin	1.32	1.41	0.44	0.99	1.42	0.45	4.24	4.95	0.83	2.49	1.29	2.97	0.54	0.83	0.58	0.7	0.09	0.17	0.09	0.11	2.04	0.53	0.5	0.45	0.64	0.54	0.85	0.7	1.58	1.13	0.49	1.08	5.74	2.5	3.41	4.32	0.94	2.91	2.95	2.1	0.81	0.85	0.81	0.83	1.04	0.64	1.34	0.94	1.26	1.4	2.01	1.98	6.75	7.99	7.21	5.42	0.98	1.15	1.1	1.1	0.99	0.99	1.1	1.13	0.94	0.88	0.82	0.75	1.01	1.17	1.23	1.14	1.23	0.67	1.19	1.07	0.89	0.75	0.94	0.89	0.78	0.56	0.97	1.38	2.21	2.24	1.1	1.58	0.824	0.63	0.55	0.66	0.73
83	HMDB02722	sn-Glycerol 3-phosphate	0.77	0.68	0.8	0.82	0.67	0.72	0.43	0.41	0.9	1.1	0.82	0.72	0.98	0.64	0.67	0.69	1.1	1.01	0.93	0.9	0.92	0.95	0.62	0.68	0.66	0.77	0.71	0.68	1.11	1	0.88	0.62	0.78	0.73	0.67	0.67	1.02	0.83	0.82	1	1.55	1.16	1.28	0.94	0.91	0.7	0.77	0.8	0.83	1.12	0.81	1.01	0.66	0.79	0.54	0.69	1.6	1.5	1.45	1.11	0.84	0.96	0.89	0.75	1.16	1.04	0.97	0.91	0.95	0.92	0.81	0.86	1.04	1.12	0.84	0.88	1.31	1.23	1.1	1.01	0.66	0.86	0.7	0.63	0.81	0.61	0.79	0.8	0.015	-0.05	-0.11	-0.26	-0.32
84	HMDB00254	Succinate	0.74	0.78	1.03	1.04	0.83	0.83	0.8	0.67	1.06	1.06	0.99	0.92	0.79	0.84	0.69	0.67	0.88	0.88	0.94	1.03	1.17	1.36	1.12	1.09	0.77	0.96	0.97	0.89	1.06	1.35	1.02	1.15	0.82	0.9	0.91	0.96	0.87	1.19	1.3	0.98	0.93	1.1	1.18	0.99	0.77	0.93	0.93	0.9	0.91	0.89	1.13	0.65	1.32	1.74	1.49	1.18	1.27	1.39	1.43	1.23	1.08	1.22	1.71	1.34	1.26	1.12	1.19	0.71	0.81	0.95	0.95	0.92	0.99	1.2	0.83	0.72	1.03	1.12	0.9	1.09	1.02	1.13	1.07	1.27	1.46	1.18	1.29	1.14	0.682	-0.01	0.13	0.12	-0.03
85	HMDB00251	Taurine	1.01	0.55	0.91	0.66	1.47	0.57	1.23	2.11	2.47	1.19	1.23	1.14	0.69	0.5	0.42	0.41	0.37	0.64	0.35	0.42	0.73	0.54	0.36	0.89	1.36	1.09	1.44	1.63	0.72	0.77	0.5	0.59	1.57	1.25	1.16	1.59	0.92	1.2	1.01	0.49	0.56	0.68	0.49	0.64	2.04	0.69	1.9	1.21	0.9	1.25	0.48	0.81	2.97	3.83	2.69	2.24	2.62	2.25	2.18	1.28	1.01	1.02	1.36	0.94	0.75	1.24	0.42	0.86	0.71	0.91	1.11	0.72	1.43	1.08	0.91	1.33	0.92	0.77	0.63	1.06	1.1	0.7	0.68	1.08	1.45	1.08	0.77	0.87	0.230	0.34	0.11	0.02	0.06
86	HMDB00951	Taurochenodeoxycholate [TCDCA]	0.96	1.79	1.04	1.26	4.49	3.47	3.46	4.6	7.15	4.81	5	2.62	2.66	4.52	3.53	1.39	3.46	3.39	1.15	1.67	7.13	1.97	1.67	1.43	1.37	1.58	2.18	3.87	5.53	4.51	4.18	3.76	2.35	3.14	2.35	2.09	3.19	2.59	2.37	5.7	5.05	2.13	1.16	1.23	1.69	1.18	1.72	2.44	5.98	1.56	2.12	1.53	4.7	13.69	4.26	8.33	1.45	4.2	14.19	6.91	0.67	1.14	1.07	2.33	4.24	3.43	5.12	10.29	16.82	6.4	14.88	11.09	3.42	2.44	5.73	4.44	2.19	6.97	5.22	2.47	1.77	0.84	1.05	0.86	0.78	0.72	0.28	0.2	0.664	1.98	1.8	1.93	1.87
87	HMDB01372	Thiamin diphosphate	1.29	1.32	0.71	1.04	1.05	0.57	1.98	2.57	1.27	1.27	1.6	1.27	0.37	0.53	0.9	1	0.17	0.21	0.17	0.2	1.65	0.58	0.74	0.77	0.93	1.07	1.39	1.25	1.77	2.18	1.47	1.47	NaN	NaN	NaN	NaN	0.8	2.2	2.2	2	0.42	0.6	0.55	0.78	1.18	0.73	1.64	0.7	3.58	3.25	4.49	5.91	2.73	2.62	2.28	2.81	0.87	0.9	0.6	1.04	0.98	1.05	0.88	1.19	0.79	0.85	0.77	0.86	0.64	1.86	1.85	1.91	0.53	0.72	0.53	0.83	0.71	0.89	0.98	1.02	1.32	1.68	2.28	2.04	1.7	1.58	0.95	0.95	0.304	0.24	0.34	0.46	0.59
88	HMDB00925	Trimethylamine N-oxide	0.7	0.72	0.49	0.55	1.24	1.02	1.08	1.17	1.17	1.07	0.63	0.89	0.87	1.04	0.71	0.84	0.98	0.73	1.07	0.87	1.01	0.82	0.96	1.02	1.66	1.72	1.15	0.95	1.11	1.02	0.85	0.54	0.81	0.57	0.48	0.72	1.12	1.26	1.31	1.88	0.95	0.81	0.9	0.67	1.16	0.63	0.92	0.5	1.27	1.04	1	0.84	0.92	0.75	0.85	0.75	0.99	1.16	0.93	0.68	1.04	0.74	0.32	0.71	0.84	0.64	0.67	0.45	0.92	0.69	0.55	0.63	0.62	0.69	0.63	0.41	1.5	1.22	1.73	0.96	1	0.72	0.26	0.57	1.55	1.98	1.6	1.59	0.010	0.09	-0.06	-0.2	-0.28
89	HMDB00295	UDP	NaN	NaN	NaN	NaN	1.16	NaN	2.7	3.31	NaN	NaN	NaN	NaN	0.62	1.37	0.5	NaN	NaN	NaN	NaN	NaN	2.33	1.22	1.44	1.56	1.71	NaN	0.64	NaN	NaN	NaN	NaN	NaN	NaN	NaN	NaN	NaN	1.06	2.63	2.19	1.75	0.76	0.72	0.7	0.63	1.14	0.41	0.86	0.78	1.05	1.31	0.79	2.36	5.58	7.18	6.46	4.42	0.96	1	1.21	1.13	0.92	1.05	1.17	1	0.83	1.27	1.02	0.85	1.29	2.13	2.43	1.77	0.98	0.74	1.18	1.13	0.96	0.87	0.71	1.01	1.23	1.54	2.19	3.61	3.25	2.16	1.91	0.76	0.611	0.6	0.77	0.73	0.8
90	HMDB00286	UDPglucose/UDP-D-galactose	1.24	1.32	0.68	1.32	1.06	0.62	3.32	4.6	0.92	1.23	0.92	1.08	0.53	0.53	0.4	0.27	0.09	0.15	0.16	0.26	2.18	0.68	0.86	0.64	0.81	0.63	1.31	1.56	2	NaN	0.82	1.36	NaN	NaN	NaN	NaN	NaN	2.77	1.77	1.62	0.77	0.71	0.86	0.83	1	0.87	2.87	1.62	1	1.14	0.86	2.5	6.08	7.93	8.27	7.73	1.4	1.12	2.05	1.66	0.84	1.12	1.2	1.2	0.97	1.22	1.02	0.88	1.37	1.26	1.66	1.22	1.54	0.77	1.45	1.46	0.95	0.96	1.15	1.53	0.42	0.53	0.63	0.68	1.04	1	1.17	0.54	0.482	0.39	0.41	0.67	0.72
91		Unidentified peak	0.71	0.72	0.83	1	0.78	0.78	0.8	0.66	1	0.78	0.7	0.72	0.46	1.01	1.09	1.16	1.15	0.99	1.16	0.98	0.87	0.87	0.98	0.85	0.71	0.97	0.88	1.06	0.78	0.73	0.6	0.86	0.83	0.88	0.71	0.94	0.99	0.84	1.02	1.11	1.14	0.94	1.21	0.95	1.41	1.15	1.06	1.46	1.16	1.08	0.91	1.31	0.86	1.19	1.11	1.24	0.84	0.68	0.85	0.95	0.72	0.91	0.84	0.74	0.92	0.77	0.85	0.79	0.22	0.83	0.98	1.05	1.42	0.86	1.26	1.09	0.89	1.04	1	0.91	1.17	1.77	1.11	0.96	1.05	1.09	1.23	0.75	0.442	-0.13	-0.08	-0.06	-0.03
92	HMDB00300	Uracil	1.11	1.02	0.74	0.91	1.23	0.95	1.01	1.18	0.82	0.59	0.86	0.62	1.19	0.7	0.97	1.51	0.89	0.87	0.86	0.95	1.49	1.39	1.19	0.93	0.75	0.6	0.77	1.26	1.35	1.43	0.74	0.59	1.08	1.03	1.66	0.87	0.81	1.28	1.33	0.87	1.26	0.98	1.01	1.24	1.38	1.15	1.17	0.82	1.08	0.95	1.93	0.88	0.98	0.99	0.63	0.78	1.14	0.72	2.57	0.78	0.62	0.91	0.77	0.82	0.82	1	0.58	0.77	1.36	1.06	1.01	1.34	1.02	1.02	1.16	0.8	0.95	1.29	0.85	0.92	0.68	0.35	0.33	0.34	1.32	1.13	1.18	0.94	0.074	0.08	-0.04	0.08	-0.13
93	HMDB00289	Urate	0.9	0.94	1.09	0.94	0.93	0.86	0.97	0.76	1.04	1.07	1.06	1.24	0.94	0.93	0.86	0.87	0.97	1.12	1.04	0.98	1.03	1	1.01	0.97	0.92	1.12	1.07	0.95	0.9	0.96	0.73	0.9	0.91	1.02	0.87	0.93	0.96	1.18	0.87	1.07	0.85	1.04	0.98	0.72	0.75	0.81	0.79	0.84	0.9	1	0.81	0.75	1.1	1.1	0.71	1.1	1.1	1.15	1.23	1.31	1.09	0.91	0.72	1.12	1.14	1.05	1.04	1.01	1.16	1.35	1.19	1.15	0.84	1.06	1.06	1.12	0.67	0.88	0.79	0.85	0.74	0.87	1.04	1.02	1.03	0.89	0.92	1.2	0.374	-0.08	0.02	-0.08	-0.01
94	HMDB00296	Uridine	0.95	0.92	0.97	1.02	1	0.88	0.69	0.66	1	0.83	0.82	0.74	1.39	1.35	1.23	1.1	1.11	1	1.04	0.95	1.28	0.87	0.98	1.16	0.91	0.84	1.06	1.03	1.13	0.85	0.78	0.8	0.97	0.91	0.81	0.61	1.07	1.03	0.92	0.99	3.15	1.39	1.35	1.53	0.91	0.83	0.81	0.62	1.07	1.1	2.12	1.06	1	1.01	1.09	0.96	1.2	1.12	3.07	1.46	1.19	1.11	0.94	1.03	1.05	1.32	0.87	0.84	2.67	1.54	1.47	1.2	0.96	0.85	0.82	0.72	1.04	1.02	0.93	0.83	0.49	0.32	0.26	0.27	1.01	0.88	0.84	0.81	0.050	0.27	0	0.12	-0.11
95	HMDB00285	UTP	1.18	0.91	0.94	0.66	1.13	1.04	1.41	1.5	0.87	0.85	0.95	0.65	1.75	2.46	1.63	1.92	0.75	0.94	0.58	0.74	1.21	1.17	1.04	0.66	1.05	1.1	1.08	1.03	1.71	1.95	2.05	2.52	1.05	1.2	1.93	1.31	1.07	1.11	0.91	0.89	0.73	0.98	0.92	0.88	0.59	0.82	1	0.64	1.53	1.94	0.89	0.41	2.64	3.71	3.14	2.92	0.78	0.89	0.78	0.88	1.18	1.45	1.11	1.47	1.04	1.31	0.69	0.8	1.17	1.19	1.36	1.47	1.07	0.82	0.95	1.02	0.73	0.64	0.94	0.93	0.38	0.37	0.62	0.38	20.17	20.17	16.87	8.42	0.566	0.99	1.1	0.92	0.54
96	HMDB00883	Valine	1.09	0.99	0.99	0.94	0.97	0.94	0.85	0.86	1	0.97	0.96	0.94	1.02	0.99	1.03	0.96	0.97	0.94	0.96	0.9	1	0.97	0.92	0.89	0.96	0.95	0.88	0.88	0.98	0.98	0.89	0.58	0.91	0.94	0.82	0.82	0.94	0.93	0.92	0.91	1.04	1.01	0.96	0.85	0.96	0.89	0.91	0.78	1	0.96	0.93	0.94	0.9	0.92	0.81	0.79	1.03	1.04	0.97	0.89	0.97	0.87	0.83	0.81	0.89	0.91	0.79	0.77	1.04	1.09	1.04	0.99	0.98	0.96	0.82	0.72	0.9	0.91	0.86	0.8	0.96	0.92	0.92	0.86	0.9	0.84	0.77	0.8	0.000	-0.04	-0.07	-0.15	-0.24
97	HMDB00292	Xanthine	0.83	0.77	0.73	0.97	0.71	0.76	0.65	0.66	1.06	0.83	0.64	0.67	0.8	0.95	NaN	0.89	1.1	1.18	0.8	1	NaN	1.32	NaN	1.13	0.79	0.89	0.79	0.71	0.92	0.94	0.96	0.68	0.64	0.78	0.76	0.67	1.54	1.14	1.25	0.99	0.69	1.21	0.89	0.94	0.69	0.58	0.74	0.49	1.07	0.87	1.06	0.92	1.12	1.15	0.97	1.14	1.23	1.21	0.73	0.9	0.82	1.13	0.91	0.65	1.1	1.03	0.82	0.79	0.23	0.98	1.01	1.26	0.71	0.96	0.61	0.57	0.96	1.1	0.8	0.95	2.97	2.41	1.74	1.26	0.99	0.87	1.14	0.92	0.296	0	0.07	-0.15	-0.2
